deal_id,dealname,amount,data_consegna,pipeline_id,dealstage_id,dealtype,description,hs_forecast_probability,hs_deal_stage_probability,art14_trat,campione,pipeline,dealstage
160739012805,26_GOLDEN POINT_ss26,10000.0,2026-09-07,default,1895821532,newbusiness,,0.9,0.9,true,,Pipeline delle vendite,Preventivo/negoziazione
160739017966,25_ERNST & YOUNG_Natale,300000.0,2026-10-05,default,presentationscheduled,newbusiness,,0.9,0.9,false,,Pipeline delle vendite,Presentazione pianificata
178307771620,25_Loro Piana_debranding,15000.0,2026-10-12,default,1895821532,,,0.6,0.6,,,Pipeline delle vendite,Preventivo/negoziazione
180580849891,25_DE'LONGHI Group_zaino,20000.0,2026-04-06,default,1818386657,,,0.6,0.6,false,,Pipeline delle vendite,Lead/Coltivazione
180581207237,25_RANA_budget,97950.0,2026-05-30,default,presentationscheduled,,,0.9,0.9,true,,Pipeline delle vendite,Presentazione pianificata
185330698460,25_IKEA_tasca cintura,130000.0,2026-05-29,default,1818386657,,,0.9,0.9,,,Pipeline delle vendite,Lead/Coltivazione
196071746788,25_Belmond_LuxuryTrainsServiziSrl,57822.0,2026-03-28,default,closedwon,,,1,1,false,,Pipeline delle vendite,Chiusa/conseguita
222498967764,25_TECNOIMP,2550.0,2026-02-27,default,closedwon,,"Ciao a tutti, 
in allegato ACCORDO DI FORNITURA TECNOIMP  QUID per 
50 ZAINI LEONE CON SPALLACCI PREMIUM+ logo ricamato. 
Consegna Settembre 2025, anche prima. Meglio inizio settembre. 
Importo Totale 2550,00 euro + Iva 
Accettano 3% 
 
A seguire per operatività: 
@Mara Giacomazzi sei in copia su cliente per completare Avz e mandare conferma ordine 
@Giulia Pasquali + @Vivian Okoh sbloccare taglio e Kit + rettificare scheda costo mettendo il COSTO degli SPALLACCI PREMIUM. 
@Davide Spagnolo per acquisti. 
@Alessandro Ramponie @Angelo Veltri per programmazione e produzione 
@Silvia Avesani hag tag QUID  singolo + pack a riempimento collo 
@Franco Maestrello spedizione ad indirizzo in accotdo con costi con extra da addebitarsi. 
 
Grazie a tutti per la collaborazione. 


",1,1,,,Pipeline delle vendite,Chiusa/conseguita
222500507894,25_ZUCCATO_coprimaterasso,45000.0,2026-06-01,default,1818386657,,,0.9,0.9,true,,Pipeline delle vendite,Lead/Coltivazione
222502543589,25_MOLESKINE_astuccio portachiavi,24000.0,2026-05-29,default,1895821532,,,0.9,0.9,false,,Pipeline delle vendite,Preventivo/negoziazione
222549523697,25_LIDL_budget_ART14,120000.0,2026-04-06,default,1818386657,,,0.9,0.9,,,Pipeline delle vendite,Lead/Coltivazione
222551444716,25_KPMG_KIT NASCITA,16733.0,2026-09-01,default,1818386657,,"45.650 BUDGET INIZIALE

-4.350 ASTUCCIO UMBERTO
-32.700 SHOPPER",1,1,true,,Pipeline delle vendite,Lead/Coltivazione
222987464953,25_Costa Crociere,70000.0,2026-12-31,default,1818386657,,,0.1,0.1000000000000000055511151231257827021181583404541015625,,,Pipeline delle vendite,Lead/Coltivazione
236109395152,25_AIA/NEGRONI_grembiuli pouch,168730.0,2026-02-27,default,closedwon,,"Ciao a tutti, 
In allegato e sotto ACCORDO DI FORNITURA AGRICOLA TRE VALLI_ AIA _ NEGRONI _ QUID per :
-300 FELPE per fine Febbraio 2026
-3000 GREMBIULI REMI per AIA LA CARNE AL FUOCO   per fine Aprile 2026
-1500 SET GREMBIULI LUI E LEI NEGRONI per Maggio-Giugno 2026 ( che significa 1500 + 1500 = 3000 pezzi ) 
-3000 POUCH MONEY per Giugno 2026 
-2000 SET GREMBIULI e LEI AIA LA BOTTEGA per Luglio 2026 ( che significa 2000 + 2000 = 3000 pezzi ) 

NB: le consegne sono intenzionalmente VAGHE ED OPEN, possiamo anticipare di poco e tardare di poco, ma non ci sono giorni precisi. 
Non consegnare gli articoli in TRANCE, ma A SALDO! 

Importo totale fornitura 189.000 euro + Iva 
Accettano 3% 
@Giulia Pasquali segue la parte principale dei prodotti, 
@Martina Cagalli le felpe. 

Per Direzione, tutta la commessa è al 1,45 o + di mark up, in importo doppio rispetto alla convenzione art 14. 

A seguire per operatività:
@Mara Giacomazzi + @Manuele Zanoni + @Franco Maestrello è il terzo anno che sbagliamo gli inserimenti ordini, i ddi e le fatture. 
-CHIARIRE la dinamica SET, che in questo caso diventa articolo singolo anche in termini di packaging. 
-CHIARIRE LE VARIE INTESTAZIONI AZIENDALI 
@Mara Giacomazzi visto il super margine e il super extra budget non mi sono sentito di chiedere anche il 30% di anticipo. 
Ti chiederei di giocare di sponda: non appena ci arrivano gli ordini, da sollecitare e che, di solito, arrivano entro 1-2 mesi. Ricordiamoci di attivare la trattativa sui pagamenti. @Romina Masiero ci puoi aiutare ? 

@Mara Giacomazzisollecitare PO e mandare conferma, quindi MAGO, CRM e AVZ, definire logistica a carico loro,

@Giulia Pasquali sollecitare conferma logo 1 colore su REMI GREMBIULE + @Martina Cagalli sollecitare risposte su personalizzazione FELPA, colore e taglie. Quindi sbloccare a seguire.
SOLLECITARE ARRIVI FLYER ENTRO GENNAIO 26 da cliente. 
@Matteo Bonetti c’e’ uno stock importante ad un prezzaccio, da comprare con urgenza ,mail a parte e a disposizione @Giulia Pasquali per raccordo. + acquisti vari… le quantità sono altissime rispetto ai precedenti ordini, ammazzare fornitore di NASTRO e il tagliatore,  negoziare ulteriormente le stampe ( se possibile).

@Giulia Pasquali + @Martina Cagalli + @Isabella Delledonne + @Vivian Okoh per sblocco taglio e kit 
@Angelo Veltri + @Alessandro Ramponi per programmazione e produzione (tutti gli articoli sono di facile esternalizzazione ad esclusione delle FELPE) 
@Silvia Avesani+ @Aziza Atmaoui tutti i pack sono singoli + FLYER in arrivo da cliente, 
NB: per FELPE, Taglia bene in vista e colli suddivisi per taglia. 
@Franco Maestrello Gesù- Maria e @Mara Giacomazzi … mi raccomando i ddt e consegne a SALDO per ARTICOLO. Non mandare più articoli nelle stesse spedizioni. 
Ritirano loro, da concordare di volta in volta, 
No costi extra di logistica, 

Grazie a tutti per la collaborazione. 


Marco Penazzi

",1,1,,,Pipeline delle vendite,Chiusa/conseguita
242673671371,26_ITS digital academy_felpe zaino_RIORDINO,33400.0,2026-07-30,default,closedwon,,"Ciao a tutti, 
In allegato ACCORDO DI FORNITURA ITS DIGITAL ACADEMY- QUID per 
500 FELPE + 
500 SACCHE 

Per Fine Luglio 2026 
Accettano 3% 
IMPORTO TOTALE: 33.400,00 + Iva 

NB: Stesso prodotto anno precedente , con aumento massimo di prezzo. 
NB: @Matteo Bonetti + @Alessandro Ramponi +@Alessandra Bertoldi CI SONO DECINE DI ROTOLI AVANZATI DEL TESSUTO delle FELPE, per errori di acquisto su anno scorso. MI RACCOMANDO! 

A seguire per operatività: 
@Mara Giacomazzi sei in copia su cliente per Po, conferma ordine CRM MAGO AVZ 
@Alessandra Bertoldi + @Isabella Delledonne MIRACCOMANDO fate un check sulle materie prime in casa e sui consumi prima di sbloccare ogni eventuale. 
@Matteo Bonetti per acquisti 
@Alessandro Ramponi e @Angelo Veltri per programmazione e produzione 
@Silvia Avesani no card non hagtag, pack a riempimento colli suddivisi per taglia. 
@Franco Maestrello spedizioni come extra con ricarico. 

Grazie a tutti per la collaborazione 
Marco Penazzi
",1,1,false,,Pipeline delle vendite,Chiusa/conseguita
247884470499,25_Pespow DIOR S.p.A._shopper welcome kit_giu26,8000.0,2026-06-15,default,presentationscheduled,,,0.9,0.59999999999999997779553950749686919152736663818359375,,,Pipeline delle vendite,Presentazione pianificata
250511483090,25_ISA S.p.a._twilly GUCCI,5000.0,2026-04-30,default,1895821532,,,0.9,0.9,,,Pipeline delle vendite,Preventivo/negoziazione
250562781417,25_PETTENON Cosmetic_budgetART14,84850.0,2026-10-24,default,1818386657,,,0.9,0.9,,,Pipeline delle vendite,Lead/Coltivazione
314791328986,25_Vivienne Westwood,4000.0,2026-06-08,default,1818386657,,,0.9,0.9,false,,Pipeline delle vendite,Lead/Coltivazione
314792048840,25_FALCONERI-camicie_mar,145550.0,2026-03-16,default,closedwon,,"Ciao A tutti, 
in ALLEGATO programmazione FALCONERI PE 26 per 
2050 CAMICIE per il 27 Febbraio 2025
230 abiti midi per il 3 Aprile 2025 

In questi gg ci arrivano i campioni per controcampionarli come da incontro avvenuto ieri e per prezzo definitivo e schede… 

Intanto giro per programmazione approssimativa in attesa di definitive:
@Mara Giacomazzi mandare conferma ordine + AVZ + CRM + MAGO 
@Giulia Pasquali + @Vivian Okoh far arrivare tessuti e kit di accessori da cliente 
@Davide Spagnolo per eventuali acquisti 
@Alessandro Ramponi e @Angelo Veltri per programmazione e produzione 
@Silvia Avesani dianmiche specifiche in scheda in arrivo per pack falconeri 
@Franco Maestrello ritiro a carico di Falconeri da accordare a ridosso della consegna. 

@Martina Liviero e @Vanessa Cento ogni dinamica di comunicazione dovrebbe essere identica all’invernale appena sviluppato. 

Grazie a tutti per la collaborazione 


Marco Penazzi
",1,1,,,Pipeline delle vendite,Chiusa/conseguita
314794208462,25_MONDE_budgetART14,29000.0,2026-10-12,default,1895821532,,,0.9,0.9,true,,Pipeline delle vendite,Preventivo/negoziazione
314794208467,25_Sonepar Italia_budgetART14,134500.0,2026-06-15,default,closedwon,,"Ciao a tutti,
In allegato ACCORDO DI FORNITURA SONEPARA QUID per 
2000 TSHIRT 
2000 POLO 
900 PANTALONI 
Come fornitura anno precedente. 
ACCETTANO 3% 

Importo totale fornitura 134.500,00 +Iva 
Delivery: metà della fornitura di ogni articolo per metà Giugno, saldo per metà Ottobre 2026 

A seguire per operatività:
@Mara Giacomazzi sei in copia su cliente per PO e dinamiche logistica + CRM + Mago + AVZ 
@Alessandra Bertoldi + @Isabella Delledonne per sblocco taglio e kit 
@Matteo Bonetti per acquisti NB: valutare eventuali giacenze di materia prima da forniture precedenti !!!
@Alessandro Ramponi e @Angelo Veltri per programmazione e produzione 
@Silvia AvesaniPack Singolo Polybag, divisione per taglia, riempimento colli, Etichetta barcode su singolo pz e su collo.

NB: fare memoria degli errori su precedente fornitura. 
@Franco Maestrello abbiamo già stiamo 840 euro di SERIVIZI DI LOGISTICA con ricarico incluso. Prima di ogni spedizione raccordarsi con @Mara Giacomazzi e logistica esterna a cliente per PO precisi pr quantità e taglia e per spese di logistica. 

Grazie a tutti per la collaborazione. 


Marco Penazzi

",0.9,1,true,,Pipeline delle vendite,Chiusa/conseguita
314867971273,25_Zanardi Fonderie_divise,28116.4,2026-06-30,default,closedwon,," 
Ciao a tutti, 
Allego ERRATA CORRIGE che annulla e SOSTITUISCE PRECEDENTE: 
TSHIRT 346 pz in consegna su fine Aprile 2026 , se riusciamo anticipare meglio. Confermato 
FELPE 358 pz  in consegna su metà fine Agosto 2026 Confermato 
AGGIUNTA: 230 SCALDACOLLO per fine AGOSTO 2026 
PATCH 544 con relativa applicazione custom  in corrispondenza delle due delivery di cui sopra DIVENTANO 1072, perchè vanno applicati sia sul fronte che sul retro. 


Ciao a tutti, 
In allegato ACCORDO di FORNITURA ZANARDI QUID parte 1 + specchietto colori e taglie  per 
TSHIRT 346 pz in consegna su fine Aprile 2026 , se riusciamo anticipare meglio. 
FELPE 358 pz  in consegna su metà fine Agosto 2026 
PATCH 544 con relativa applicazione custom  in corrispondenza delle due delivery di cui sopra
Accettano 3% 
Importo Totale Fornitura: 24.309,20 + Iva 

Come anno precedente. 

A seguire per operatività: 
@Alessandra Bertoldi terminare revisione taglia felpe per approvazione 
@Mara Giacomazzi sei in copia su cliente per PO, conferma ordine, MAGO, CRM AVZ 
@Alessandra Bertoldi + @Isabella Delledonne per sblocco taglio e kit 
@Matteo Bonetti per acquisti tessuti e accessori + patch 
NB: sono basici di cui potremmo avere giacenze in casa da precedenti forniture. 
@Alessandro Ramponi e @Angelo Veltri per programmazione e produzione 
@Silvia Avesani pack singolo suddiviso per taglia in vista suddivisi per nomi + card collabo singola, come anno scorso. 
@Franco Maestrello logistica come extra con ricarico 


Grazie a tutti per la collaborazione. 

Marco Penazzi
",1,1,true,,Pipeline delle vendite,Chiusa/conseguita
350015195341,25_ZALANDO_zaino,6000.0,2026-03-31,default,1818386657,,,0.9,0.9,,,Pipeline delle vendite,Lead/Coltivazione
352206837991,25_MONDE_felpa_feb 2026,16500.0,2026-02-27,default,closedwon,,"Ciao a tutti, 
in allegato ACCORDO DI FORNITURA MONDE QUID per 
300 FELPE ARON 
Come precedente fornitura 
Accettano 3% 
Importo Totale: 16.500 euro + Iva 
Consegna: Fine Febbraio 2026 

A seguire per operatività: 
@Mara Giacomazzi sei in copia su cliente per conferma oridine, chiedere split taglie, CRM; MAGO , AVZ 
@Alessandra Bertoldi e @Isabella Delledonne la Diba è di un anno fa, se volete dargli una controllata, quindi sblocco taglio e kit 
@Davide Spagnolo per sblocco acquisti 
@Alessandro Ramponi e @Angelo Veltri per programmazione e produzione. 
@Silvia Avesani pack multiplo suddiviso per taglie 
@Franco Maestrello spedizione come extra con ricarico in fattura. 

Grazie a tutti per la collaborazione 

Marco Penazzi
",1,1,true,,Pipeline delle vendite,Chiusa/conseguita
355200174266,"25_BLASTNESS GROUP HOLDING _zaini riordino ""special""",10000.0,2026-02-27,default,closedwon,,"CARD RIVISTA DAL CLIENTE

Ciao a tutti, 
in allegato ACCORDO DI FORNITURA BLASTNESS_ QUID per 
200 ZAINI LEONE SPECIAL come precedente fornitura 
Per Fine Febbraio 2026 
Importo totale 10.000 euro + Iva 
Accettano 3% 

A seguire per operatività:
@Giulia Pasquali e @Mara Giacomazzi siete in copia su cliente per conferma entro la settimana. 
@Mara Giacomazzi per conferma ordine, intestazione corretta, forse cambiano intestazione societaria, CRM, MAGO, AVZ 
@Giulia Pasquali su base conferma cliente rivedere scheda costo sulla prossima settimana 
@Giulia Pasquali + @Vivian Okoh sblocco taglio e kit ( valutare avanti da precedente fornitura. 
@Davide Spagnolo per acquisti 
@Alessandro Ramponi e @Angelo Veltri per programmazione e produzione 
@Silvia Avesani pack a rimepimento colli con CARD di collaborazione 
@Martina Liviero + @Vanessa Cento  mandare in stampa CARD per come da precedente fornitura. 
@Franco Maestrello spedizione come extra con ricarico in fattura. 

Grazie a tutti per la collaborazione. 

Marco Penazzi
",1,1,,,Pipeline delle vendite,Chiusa/conseguita
355716266208,25_Eurotel,13200.0,2026-04-27,default,1818386657,,,0.9,0.9,false,,Pipeline delle vendite,Lead/Coltivazione
362827020510,25_Illumia_porta pc_riordino,1920.0,2026-02-27,default,closedwon,,"Ciao a tutti, 
Con la presente per mandare ACCORDO INTEGRATIVO AGGIUNTIVO per 
100 PORTAPC ILLUMIA, 
Accettano 3% 
Importo Totale 1920,00 + Iva 
Consegna open, quando volgiamo fino a febbraio 2026. 

NB: sono appena stati sbloccati 300 pezzi a cui questi 100 si possono aggiungere o mandare avanti su batch di produzione successivo. 

Per operatività: 
= a come sotto da precedente accordo. 

Grazie a tutti per la collaborazione. 

Marco Penazzi
",1,1,,,Pipeline delle vendite,Chiusa/conseguita
371120491763,25_Generali Group_POCHETTE GO GENERALI_FEB 26,2100.0,2026-02-27,default,closedwon,,"Ciao a tutti, in allegato 2 ACCORDI DI FORNITURA GENERALI QUID per: 
-100 ZAINI NIKKO 
per Fine DICEMBRE 2025
Importo totale 2300 euro + Iva 
Sono già quantificati 30 euro di spedizione. 


-300 PORTA PC PANCRAZIO 
-300 POUCH MAN PELLE 
-250 ZAINO LEONE 
-250 CASE UMBERTO 
Per fine Marzo 2026 
Importo totale 27.200 + Iva 
+ 480 eur odi servizi exra di packaging e logistica. 

Sono già, infatti, quantificate spese di spedizione e il packaging con i prodotti in arrivo da IDEA PRIMA (agende e penne) comprati da cliente. 

Tutti i prodotti identici a precedente fornitura. 
Accettano 3%, ma a consuntivo, prima di spedire vanno fatti modificare i PO relativi @Mara Giacomazzi-

A seguire per operatività:
@Mara Giacomazzi sei in copia su cliente per PO, AVZ, CRM e MAGO. 
@Giulia Pasquali e @Vivian Okoh verificare Diba e selezione materiali  quindi 
@Davide Spagnolo per sblocco acquisti.
@Alessandro Ramponi e @Angelo Veltri per programmazione e produzione.

@Vanessa Cento in accordo con @Giulia Pasquali capire quali flyer sbloccare per riporduzione come anno precedente in base al prodotto. 

@Silvia Avesani
Per ZAINO NIKKO, pack singolo con card di collabo, riempimento colli.
Per i WELCOME KIT LIGHT E FULL, le dinamiche sono le stesse dell’anno scorso, arrivano materiali su cui ti raccorderanno @Giulia Pasquali e @Vivian Okoh da assemblare.

@Franco Maestrello le spedizioni sono già quantificate nelle cirfre di cui sopra, quindi da registrare per come indicato senza eccezioni.

Grazie a tutti per la collaborazione. 


Marco Penazzi
",1,1,,,Pipeline delle vendite,Chiusa/conseguita
372268956887,25_Sanmarco Informatica ,35000.0,2026-02-27,default,closedlost,,,0.9,0,,,Pipeline delle vendite,Chiusura persa
373922344163,25_Intesa Sanpaolo_zaini,7800.0,2026-02-27,default,2036681954,,"AGGIORNAMENTO PREZZO 
Ciao a tutti, 
Il presente ordine è sbloccato con una variazione accordata in termini di prezzo: passa da euro 48 a 52.00 
In allegato relativa revisione approvata. 
Si può procedere per come sotto. 
Grazie 


Ciao a tutti, 
Con la presente per mandare ACCORDO DI FORNITURA INSESA SAN PAOLO SRL_ QUID IMPRESA SOCIALE per 
150 Zaini Leone con RICAMO + ZIP ARANCIONI 
Accettano 3% 
Importo totale: 7200,00 euro + Iva 
Spese di spedizione già preventivate in ordine per euro 120.00  + Iva
Delivery: fine Febbraio 2026  

A seguire per operatività:
@Giulia Pasquali mandare foto di prova ricamo per approvazione 
@Giulia Pasquali + @Vivian Okoh sblocco taglio + Kit 
@Matteo Bonetti per acquisti 
@Alessandro Ramponi + @Angelo Veltri per programmazione + produzione 
@Silvia Avesani inserire FLYER STANDARD QUID + Pack a riempimento colli 
@Franco Maestrello in preventivo e in ordine ci sono già 120 euro di spedizione, dovresti starci dentro molto bene. 
In caso contrario avvisaci che rettifichiamo, altrimenti inserisci quelli. 

Grazie a tutti per la collaborazione. 

Marco Penazzi
",0,1,,,Pipeline delle vendite,Consegnato
374103752894,25_PETTENON Cosmetic_BORSONE_MAR,48000.0,2026-03-31,default,closedwon,,"Ciao A tutti, 
In allegato ACCORDO DI FORNITURA PETTENON QUID per 
800 BORSONI TRAVEL PREMIUM ECOPELLE- PELLE con ricamo 
Accettano 3% 
Importo totale 48.000,00 euro + Iva 

A seguire per operatività:
@Giulia Pasquali sei in copia su cliente per approvazione ricamo entro gennaio e per verificare disponibilità di metallerie CANNA DA FUCILE o Alluminio 
@Mara Giacomazzi sei in copia su cliente per conferma ordine, PO , CRM, MAGO AVZ 
@Giulia Pasquali + @Vivian Okoh per sblocco taglio e kit 
@Alessandro Ramponi e @angelo per programmazione e produzione 
@Silvia Avesani pack singolo e colli a riempimento 
@Franco Maestrello spedizioni come extra con ricarico in fattura, 
Grazie a tutti per la collaborazione. 


Marco Penazzi
",1,1,,,Pipeline delle vendite,Chiusa/conseguita
374641337573,25_atelier eme_MARRAS_KIMONO GAVOI,26377.2,2026-03-31,default,closedwon,,"Ciao a tutti,
 in allegato programmazione di accordo di fornitura MARRAS EME_ QUID per 
Linea	MODELLO	DESCRIZIONE	COLORE	Made In	FORNITORE	QTA	PREZZO 
	ARRIVO MATERIALI	SPEDIZIONE PRODOTTO FINITO
MARRAS PE26	MBOL273	GAVOI ROUND	SB7FG	IT	QUID	70	74,92
	12/12/2025	30/01/2026
MARRAS PE26	MBOL281	KIMONO REGULAR	SB7GR	IT	QUID	86	83,20
	23/01/2026	13/02/2026
MARRAS PE26	MBOL275	KIMONO LUNGO	NE7FG	IT	QUID	50	83,20	23/01/2026	20/02/2026
MARRAS PE26	MBOL277	KIMONO REGULAR	CR7NE	IT	QUID	54	83,20	09/01/2026	27/02/2026
MARRAS PE26	MBOL278	KIMONO REGULAR	SB7BX	IT	QUID	64	83,20	13/02/2026	06/03/2026

Con diverse date di arrivo e di consegna tra Gennaio 26 e Marzo 26 … 
IMPORTO TOTALE 26.377,20 + IVA 

Sappiamo che sono sempre in ritardo, quindi accogliamo l’ordine con FLESSIBILITA’ 

A seguire per operatività: 
@Mara Giacomazzi sei in copia su cliente per conferma ordine, MAGO, AVZ , CRM 
@Alessandra Bertoldi e @Isabella Delledonne per arrivo tagliato e kit da cliente 
@Matteo Bonetti nessun acquisto 
@Alessandro Ramponi e @Angelo Veltri per programmazione e produzione 
@Silvia Avesani solito pack speciale MARRAS 
@Franco Maestrello solito ritiro da parte di MARRAS in appeso. 

Grazie a tutti per la collaborazione. 

Marco Penazzi
",1,1,,,Pipeline delle vendite,Chiusa/conseguita
375011244256,26_Meccarni_shoppingbag_evento,2470.0,2026-02-13,default,2036681954,," 
Ciao a tutti, 
in allegato ACCORDO DI FORNITURA MEC CARNI LEVONI_ QUID per 
260 SHOPPER OVIEDO (già prodotte e precedentemente destinate a commessa ISTITUTZIONALE) con stampa. 
Accettano 3% 
Importo Totale: 2470,00 euro + IVa 
Consegna tassativa 13 Febbraio 2026 
Ref commerciale @Giorgia Magnabosco

A seguire per operatività:
@Mara Giacomazzi sei in copia su cliente per conferma ordine, CRM, MAGO, AVZ e definitive di logistica 
@Martina Cagalli + @Vivian Okoh sbloccare shopper già fatte su stampatore. 
@Matteo Bonetti per acquisti 
@Alessandro Ramponi + @Angelo Veltri nessuna operatività in produzione se non su 
@Silvia Avesani per HANGTAG SINGOLO STANDARD  e pack a riempimento colli 
@Franco Maestrello spese di logistica con ricarico da aggiungere in fattura. 

Grazie a tutti per la collaborazione 

Marco Penazzi
",0,1,,,Pipeline delle vendite,Consegnato
378155859160,25_KPMG_CASE UMBERTO_31aug26,4350.0,2026-08-31,default,closedwon,,"Ciao a tutti , 
In allegato ACCORDO DI FORNITURA KPMG _QUID per 
500 CASE UMBERTO con ETICHETTA 
SPEDIZIONE: 31 AGOSTO  2026 

Importo totale: 4350,00 + Iva 
Accettano 3% 


A seguire per operatività: 
@Martina Cagalli + @Isabella Delledonne sollecitare cliente per scelta materiali e sbloccare taglio e kit 
@Mara Giacomazzi sei in copia su cliente per Portali nuovi cliente,  PO, firma, CRM, MAGO e AVZ + logistica dettagli 
@Matteo Bonetti per acquisti 
@Alessandro Ramponi e @Angelo Veltri per programmazione e produzione 
@Silvia Avesani HANGTAG QUID STANDARD e pack a riempimento colli 
@Franco Maestrello spedizione come extra con ricarico in fattura, 

Grazie a tutti per la collaborazione. 
",1,1,,,Pipeline delle vendite,Chiusa/conseguita
386118568140,25_Cardioline_zaini,4800.0,2026-02-20,default,closedlost,,,0.9,0,,,Pipeline delle vendite,Chiusura persa
409044355309,25_Gruppo Autoserenissima_articoli vari_26,12568.0,2026-06-01,default,1896036572,,,0.9,0.9,,,Pipeline delle vendite,Sviluppo Campione
420368693461,25_PETTENON Cosmetic_twilly,41650.0,2026-05-01,default,closedwon,,"Ciao a tutti, 
In allegato ACCORDO DI FORNITURA PETTENON QUID per 
3500 BANDEAU CIRELLA ALLOVER 
Accettano 3% 
Importo Totale: 41.650,00 + Iva 
Delivery: Inizio Maggio 2026 

A seguire per operatività:
@Giulia Pasquali terminare selezione tessuti con cliente e all’occorrenza attivare stocckista LISA di riferimento. 
@Mara Giacomazzi sei in copia su cliente per CRM, AVZ , CONFERMA e MAGO , chiedere PO e BAR CODE 
@Giulia Pasquali + @Vivian Okoh sblocco taglio e kit 
@Matteo Bonetti per acquisti 
@Alessandro Ramponi e @Angelo Veltri per programmazione e produzione 
@Silvia Avesani hangtag singolo, pack singolo + barcode. 
@Franco Maestrello spedizione come extra con ricarico in fattura a destinazione TBD. 

Grazie a tutti per la collaborazione. 

Marco Penazzi

",1,1,,,Pipeline delle vendite,Chiusa/conseguita
420946104513,25_DATACOL SRL_VARIE,57300.0,2026-02-27,default,closedwon,,"Ciao a tutti, 
In allegato ACCORDO DI FORNITURA DATACOL QUID per 
600 ZAINI LEONE
450 FELPE 
300 BORSONI TRAVEL PREMIUM 
Consegne Varie da fine Febbraio a Settembre 2026 
Tutto anticipatile, non troppo posticipatile ma negoziabile. ( PER TEMPO ) 
Accettano 3% 
Importo Totale : 57.300 euro + Iva 

@Giulia Pasquali + @Vivian Okoh  ci sono alcune modifiche da approvare via rendering, a livello di colori zip e materiali che non impatteranno le schede costi a livello di costo ma a livello di lavorazioni sono da modificare leggermente. 
Su tutti i prodotti mettiamo la personalizzazione PATWORK TBD 

@Mara Giacomazzi sei in copia su cliente per PO, CRM ; AVZ e logistica 
@Giulia Pasquali  + @Vivian Okoh dopo approvazione sblocco taglio e kit 
@Matteo Bonetti per acquisti 
@Alessandro Ramponi e @Angelo Veltri per programmazione e produzione 
@Silvia Avesani pack singolo con BARCODE e TAGLIE BENE IN VISTA sulle felpe 
@Franco Maestrello spedizioni da aggiungere con ricarico in fattura. 

Grazie a tutti per la collaborazione. 
 



Marco Penazzi
",1,1,,,Pipeline delle vendite,Chiusa/conseguita
421037647063,25_KERING_SHOPPER,50002.5,2026-04-01,default,closedwon,,"Ciao a tutti, 
In allegato ACCORDO DI FORNITURA KERING QUID per 
6780 SHOPPER BIG 
1695 SHOPPER SMALL 
Importo totale 50.000 euro
Accettano 3% in più, ma non di più come nelle ultime spedizioni.  

NB: in accordo vedere anche un importo di 15.000 TBD, che sarà definito e da non mettere in programmazione al momento. 
E’ solo ai fini della convenzione HR 

DELIVERY: open APRILE _ GIUGNO, di base il cliente è coperto fino a a MARZO, ma ad aprile potrebbe volerle velocemente, quindi chiederei di averne almeno la metà di entrambe i formati per fine Aprile e il resto su Maggio per poi spingere ulteriormente sulla seconda parte di anno. 

A seguire per operatività: 
@Mara Giacomazzi sei in copia su cliente che deve mandare PO con incluso il 3% + CRM, MAGO+ AVZ 
@Giulia Pasquali + @Vivian Okoh sblocco taglio e kit da tessuti a magazzino KERING + Misto fritto. 
@Matteo Bonetti per acquisti, NB fare prima la situazione manici IN CASA e comprare solo il necessario. 
@Alessandro Ramponi e @Angelo Veltri per programmazione e produzione 
PER FAVORE: ricordiamoci di non buttare o far arrivare da esterni le shopper in sacchi stropicciate… perchè rendono + difficile la piegatura per il pack e perchè si presentano male alle svendite di KERING. 
@Silvia Avesani, come solito, piegate in colli a riempimento 
@Franco Maestrello logistica come extra da definirsi di volta in volta con @Mara Giacomazzi.

Grazie a tutti per la collaborazione. 


Marco Penazzi
",1,1,,,Pipeline delle vendite,Chiusa/conseguita
421037759692,26_KEMINOVA_FOULARD,5200.0,2026-03-13,default,closedwon,,"Ciao a Tutti, 
In allegato ACCORDO DI FORNITURA KEIMINOVA QUID per 
200 FOULARD SETA STAMPATI 90 x90 
Importo totale 5200 euro + Iva 
Ref commerciale @Giorgia Magnabosco

Delivery 10-15 marzo massimo tassativo per evento. 
Accettano 3% 

A seguire per operatività:
@Mara Giacomazzi sei in copia su cliente per PO, firma, CRM, MAGO , AVZ 
@Martina Cagalli sblocco urgente 
NB: ho modificato accordo mettendo IMBUSTO SINGOLO, modifica anche scheda. 

@Matteo Bonetti per acquisti 
NB: GENTILI E MOSCONI DEVE ESSERE RAPIDO E non mandare troppo materiale in più. Fa sempre quello che gli pare.. . 
@Alessandro Ramponi e @Angelo Veltri per programmazione e produzione 
@Silvia Avesani pack singolo + card standard 
@Franco Maestrello come extra con ricarico in fattura. 

Grazie a tutti per la collaborazione. 

Marco Penazzi
",1,1,false,,Pipeline delle vendite,Chiusa/conseguita
421686394043,25_MAISON Alaïa_shopper,5400.0,2026-02-16,default,closedwon,,"Ciao  a tutti, 
In allegato ACCORDO DI FORNITURA MAISON ALAIA_ QUID per 
300 SHOPPER LAILA BLACK 
NB: STAMPA SOLO UN LATO, non su due. 
Importo totale 5.400,00 euro + Iva 
Accettano 3% 
Consegna ASAP, 15-28 Febbraio, 

A seguire per operatività:
@Alessandra Bertoldi modificare scheda costi e codice prodotto, TOGLIENDO IMPIANTI e METTENDO SOLO UNA STAMPA, non due. 
@Mara Giacomazzi inserire ordine, mandare conferma + Mago + CRM + AVZ 
@Matteo Bonetti sbloccare urgente acquisto tessuto sul pronto da fornitore.
@Alessandra Bertoldi + @Isabella Delledonne sarebbe utile il taglio quanto prima per come richiesto da @Alessandro Ramponi. 
@Alessandro Ramponi e @Angelo Veltri per programmazione e produzione
@Silvia Avesani pack a riempimento colli con polybag protettiva 
@Franco Maestrello spedizioni come extra con ricarico. 

Grazie a tutti per la collaborazione. 

Marco Penazzi

",1,1,,,Pipeline delle vendite,Chiusa/conseguita
428651164906,26_RANA_tovaglioli_feb,5750.0,2026-02-27,default,closedwon,,"Aggiornato a 250 pezzi l’accordo per i TOVAGLIOLI RANA che sale quindi a 250 pezzi.
Già aggiornato anche l’ordine a gestionale.

Ciao a tutti, 
In allegato ACCORDO FORNITURA E CONFERMA ORDINE RANA QUID per 
200 TOVAGLIOLI BEIGE come fornitura precedente, 
Accettano 3% 
Delivery: fine Febbraio per come confermato da produzione. Posticipabile. 
Importo Totale 4600 euro + Iva 
 
A seguire per operatività: 
@Mara Giacomazzi ho già mandato conferma e accordo, completare CRM, AVZ e MAGO 
@Alessandra Bertoldi + @Isabella Delledonne prima di sbloccare acquisti e taglio verificare eventuali giacenze da precedenti forniture 
@Matteo Bonetti per acquisti 
@Alessandro Ramponi e @Angelo Veltri per programmazione e produzione 
@Silvia Avesaninessuna etichetta o pack, multipara a tua discrezione a riempimento colli. 
@Franco Maestrello spedizione come extra con ricarico a destinazione da a bordarsi con @Mara Giacomazzi
 
Grazie a tutti per la collaborazione. 
Marco Penazzi
",1,1,true,,Pipeline delle vendite,Chiusa/conseguita
432215748842,25_KPMG_SHOPPER OVIEDO_30GIU,32700.0,2026-06-30,default,closedwon,,"Ciao a tutti, 
In allegato ACCORDO DI FORNITURA KPMG _ QUID per 
3000 SHOPPER OVIEDO ( 2000 blu con stampa bianca e 1000 bianche con stampa blu) 
Accettano 3% 
Importo totale 32.700,00 + Iva 
Consegna: almeno 500-1000 pezzi nelle due varianti su Marzo e saldo entro Giugno 2026 ( non dopo, anche prima se possibile) 

A seguire per operatività:
@Martina Cagalli + @Matteo Bonetti la scheda del preventivo in allegato è tarata su 500 pezzi, non 3000. 
-Il costo di taglio è eccessivo a mio parere.
-Quello del tessuto abbassabile 
-La stampa, ho già scritto un Wup a Sermax, ma secondo me può abbassare anche della metà… 
Incontratevi e tirate i prezzi prima di inserire scheda definitiva. 
@Manuele Zanoni anche certi tempi secondo me sono eccessivi, se con @Martina Cagalli fate due parole con Alina… 

@Mara Giacomazzi per conferma ordine, PO, CRM; AVZ; MAGO + logistica 
@Martina Cagalli + @Isabella Delledonne per sblocco taglio e kit 
@Matteo Bonetti per acquisti per come sopra 
@Alessandro Ramponi e @Angelo Veltri per programmazione e produzione 
@Silvia Avesani hangtag singolo QUID + pack a riempimento collo suddivise per colore. 
@Franco Maestrello spedizioni come extra con ricarico. 

Grazie a tutti per la collaborazione,. 

Marco Penazzi
",1,1,,,Pipeline delle vendite,Chiusa/conseguita
432360954097,25_Garibaldi Architects_SHOPPER_APR26,4230.0,2026-03-31,default,closedwon,,"Ciao a tutti, 
In allegato ACCORDO DI FORNITURA GARIDALDI ARCHITECTS QUID per 
300 SHopper stampate F/R
Importo Totale 4230,00 
Consegna a 4 settimane da arrivo tessuto, quindi su Marzo/Aprile flessibile. 


A seguire per operatività: 
@Mara Giacomazzi sei su cliente per conferma ordine, CRM, MAGO AVZ e logistica.
@Martina Cagalli per solleciti arrivo tessuto taglio e kit con @Isabella Delledonne
@Matteo Bonetti per acquisti solo stampa 
@Alessandro Ramponi e @Angelo Veltri per programmazione e produzione 
@Silvia Avesani hangtag singolo standard
@Franco Maestrello logistica come extra con ricarico. 

@Martina Liviero e @Vanessa Cento ogni eventuale di comunicazione come extra. 

Grazie a tutti per la collaborazione. 

Marco Penazzi
",1,1,,,Pipeline delle vendite,Chiusa/conseguita
433375927526,25_BPM Gruppo_borsoni new york,20800.0,2026-02-27,default,closedwon,,"Ciao a tutti, 
In allegato ACCORDO DI FORNITURA BANCO BPM _ QUID per 
400 BORSONI TRAVEL PREMIUM  con etichetta bandiera 
Per FINE FEBBRAIO, Tassativo. 
Importo totale 20.800 + Iva 
Accettano 3% 

A seguire per operatività: 
@Giulia Pasquali sei su cliente per chiudere con urgenza i TBD a livello di materiali, finiture metalliche e posizionamento,ento LABEL 
Quindi aggiustare scheda costi di riferimento per inserimento ordine. 
@Mara Giacomazzi sei in copia su cliente per CONFERMA ORDINE, LOGISTICA, CRM, MAGO, AVZ 
@Giulia Pasquali + @Vivian Okoh sblocco taglio e kit 
@Matteo Bonetti per acquisti 
@Alessandro Ramponi e @Angelo Veltri per programmazione e produzione
@Silvia Avesani pack a riempimento con CARD DI COLLABORAIZONE SINGOLO 
@Franco Maestrello spedizione come extra con ricarico in fattura. 
Destinazione: località di montagna TBD, in accordo con @Mara Giacomazzi.

Grazie a tutti per la collaborazione. 

Marco Penazzi
",1,1,,,Pipeline delle vendite,Chiusa/conseguita
433389937858,25_GUCCI_varie_campionatura,1498.0,2026-04-01,default,closedwon,,"Ciao a tutti, 
In allegato ACCORDO DI FORNITURA GUCCI QUID per 
3 BORSONI NEW YORK 
70 SHOPPER KERING SMALL 
40 BORSA MORA IN PELLE NERA 
NON accettano 3% 

Delivery Aprile 2026 open 
Importo totale 1500 euro + Iva 

A seguire per operatività:
@Mara Giacomazzi mandare veloce conferma ordine + CRM + AVZ, MAGO , PO in allegato, definire logistica
NB: sono tutti articoli già fatti con codici già fatti. 
@Valentina Barbagallo fatturare ANTICIPATO entro 2025 
@Giulia Pasquali + @Vivian Okoh sblocco taglio kit, comodo se con altri prodotti simili. 
@Matteo Bonetti non dovrebbero esserci acquisti 
@Alessandro Ramponi + @Angelo Veltri programmazione e produzione 
@Silvia Avesani hangtag solo su BORSONI E BORSE IN PELLE, tutto a riempimento colli. 
@Franco Maestrello logistica come extra in fattura con ricarico. 

Grazie a tutti per la collaborazione. 



Marco Penazzi
",1,1,,,Pipeline delle vendite,Chiusa/conseguita
436176757948,25_FISCHBACHER 1819_SHOPPER,11000.0,2026-04-06,default,1895821532,,,0.9,0.9,false,,Pipeline delle vendite,Preventivo/negoziazione
436346161383,26_Unifarco DOLOMIA_Sacchetto,110500.0,2026-11-03,default,1895821532,,,0.9,0.9,false,,Pipeline delle vendite,Preventivo/negoziazione
436403369161,25_AIDP_shopper,10000.0,2026-05-11,default,presentationscheduled,,,0.9,0.9,false,,Pipeline delle vendite,Presentazione pianificata
436559966398,26_GOLDEN POINT_fw26_beauty oct,45000.0,2026-10-05,default,1896036572,,,0.9,0.9,true,,Pipeline delle vendite,Sviluppo Campione
437155697910,26_INJOB_budget ART14,17115.0,2026-02-27,default,1895821532,,,0.9,0.9,,,Pipeline delle vendite,Preventivo/negoziazione
437328160963,26_FALCONERI_abiti,16100.0,2026-04-13,default,1895821532,,,0.9,0.9,,,Pipeline delle vendite,Preventivo/negoziazione
437768323273,26_KPMG_portaposate_mag,1440.0,2026-05-25,default,closedwon,,"Ciao a tutti, 
In allegato ACCORDO FORNITURA KPMG _ QUID per 
150 PORTAPOSATE 
Consegna 25 Maggio 2026 
Importo Totale 1440,00 + Iva 
Accettano 3% 

NB: @Manuele Zanoni+ @Anna Fiscale E’ un ordine sotto minimi, compromesso necessario, alto markup, non raccomando ulteriori produzioni di questo articolo per bassissima vendibilità. 

A seguire per operatività:
@Martina Cagalli rivedere scheda costi con dettagli da accordo: 
Tessuti in casa, no stampa ma etichetta flag, no etichetta compo e relative fasi. 
Quindi approvare materiali con cliente. 
 
@Mara Giacomazzi sei in copia su cliente per Conferma ordine CRM, MAGO AVZ 
@Martina Cagalli + @Vivian Okoh sbloccare  taglio e kit .
NB: integrare ordine etichette CASE UMBERTO KPMG 

@Matteo Bonettiper acquisti 
@Alessandro Ramponi e @Angelo Veltri per programmazione e produzione 
@Silvia Avesani pack multiplo con hagtag singolo standard 
@Franco Maestrello spese di spedizione con ricarico come extra in fattura. 
 
Grazie a tutti per la collaborazione, 


Marco Penazzi
",0.9,1,,,Pipeline delle vendite,Chiusa/conseguita
437768324319,26_Marella_astuccio umberto,1000.0,2026-04-13,default,presentationscheduled,,,0.9,0.9,,,Pipeline delle vendite,Presentazione pianificata
437768367312,25_PETTENON_shopper_mar26,4900.0,2026-06-08,default,closedwon,,"Inviato: giovedì 18 dicembre 2025 13:05

Ciao a tutti, 
n allegato ACCORDO DI FORNITURA PETTENON QUID per 
500 SHOPPER CON ETICHETTA 
Accettano 3% 
Importo Totale: 4.900,00 + Iva 
Delivery: Inizio Marzo 2026 tassativo 
 
A seguire per operatività:
@Giulia Pasquali terminare selezione tessuti con cliente per approvazione 
@Mara Giacomazzi sei in copia su cliente per CRM, AVZ , CONFERMA e MAGO , chiedere PO  
@Giulia Pasquali + @Vivian Okoh sblocco taglio e kit 
@Matteo Bonetti per acquisti 
@Alessandro Ramponi e @Angelo Veltri per programmazione e produzione 
@Silvia Avesani colli a riempimento, no pack. 
@Franco Maestrello spedizione come extra con ricarico in fattura a destinazione TBD. 
 
Grazie a tutti per la collaborazione. 
 
Marco Penazzi
",1,1,true,,Pipeline delle vendite,Chiusa/conseguita
437768729810,25_MONDE_camici porta chiavi_feb26,4800.0,2026-02-15,default,2036681954,,"Ciao a tutti , 
in allegato ACCORDO DI FORNITURA MONDE QUID per 
50 CAMICI WORWEAR (come BOTTEGA VENETA DI CUI ORDINE IN ARRIVO, ma senza TRIANGOLO) + 3% con ricamo taschino 
Delivery 30 Ottobre 2025 
150 PORTACHIAVI SISSI + 3% 
Per 15 FEBBRAIO 2025 

A seguire per operatività: 
@Alessandra Bertoldi le schede allegate SONO DA MODIFICARE revisionandole con i dettagli concordati:
CAMICI: NO TRIANGOLO BOTTEGA, SI RICAMO, SI TESSUTO ACQUSITO TEMA 
PORTACHIAVI: CAMBIO ZIP, TIRETTO E GANCIO FORNITI DA LORO, PACK SACCHETTO 

@Mara Giacomazzi sei in copia su cliente per conferma ordine e completare AVZ 
@Isabella Delledonne per sblocco taglio 
@Davide Spagnolo per acquisti 
@Alessandro Ramponi e @Angelo Veltri per pianificazione e PRODUZIONE 
@Silvia Avesani 
CAMICI: PACK SINGOLO CON TAGLIA IN VISTA 
PORTACHIAVI: PACK SINGOLO IN SACCHETTO QUID SHOPPER PICCOLO 

@Franco Maestrello spedizioni come extra con ricarico. 

Grazie a tutti per la collaborazione. 


Marco Penazzi
",1,1,true,,Pipeline delle vendite,Consegnato
437869930686,26_OTB_SHOPPER NATALE,45000.0,2026-10-05,default,1818386657,,,0.9,0.9,true,,Pipeline delle vendite,Lead/Coltivazione
437880796353,25_Gentili Mosconi_twilly FENDI_coda pdz25,5289.6,2026-06-30,default,closedwon,,,1,1,,,Pipeline delle vendite,Chiusa/conseguita
437880828131,25_COMUNE DI CAPRINO VR.SE_DIVISE,3380.0,2026-02-27,default,closedwon,,"Ciao a tutti, 
Per disguido con cliente ALLEGO RETTIFICA e NUOVO ACCORDO DI FORNITURA CHE SOSTITUISCE e ANNULLA IL PRECENDENTE: 
In allegato ACCORDO DI FORNITURA COMUNE CAPRINO VERONESE _ QUID per 
30 tshirt arancioni 
40 Polo grigie 
30 felpe arancioni 
Tutti i i prodotti sono stampati 
Consegna: fine Febbraio 2026, 
Anticipabile, se riusciamo. 
Importo totale 3380,00 euro + IVA 

NON accettano 3% 

A seguire per operatività: 
L’ordine sotto minimi ma commercializzato è approvato e richiesto da @Anna Fiscale PER RAGIONI STRATEGICHE. 

@Mara Giacomazzi sei in copia su cliente per conferma ordine e portali MEPA per inviare offerta e ricevere conferma ordine + CRM; MAGO ; AVZ 
@Alessandra Bertoldi + @Isabella Delledonne sollecitare scala taglie e sbloccare acquisti 
@Matteo Bonetti per acquisti prodotto finito e stampa 
@Alessandro Ramponi + @Angelo Veltri MI RACCOMANDO che il cambio etichette sia perfetto ! 
@Silvia Avesani hangtag quid e pack singolo con taglie bene in vista. 
@Franco Maestrello NON aggiungere spese di spedizione 

Grazie a tutti per la collaborazione. 




Marco Penazzi
",1,1,,,Pipeline delle vendite,Chiusa/conseguita
437881246952,26_Chimar_shopper_may,3600.0,2026-05-15,default,closedwon,newbusiness,"Ciao a tutti, 
In allegato ACCORDO DI FORNITURA CHIMAR QUID per 
500 SHOPPER FOUR STAMPATE 
Tessuti misti colorati 
Accettano 3% 
Importo Totale 3.600, 00 euro + Iva 
Delivery: 15 Maggio 2026 per evento 

A seguire per operatività: 
@Mara Giacomazzi sei su cliente per PO, conferma ordine, CRM, MAGO AVZ 
@Giulia Pasquali per definire tessuti misti colorati e rendering per approvazione stampa.
@Martina Liviero e @Vanessa Cento per call con cliente per concordare contenuti e grafica card di collaborazione 
@Alessandro Ramponi e @Angelo Veltri per programmazione e produzione 
@Silvia Avesani pack a riempimento colli con FLYER singolo inserito 
@Franco Maestrello spese come extra in fattura e ricarico. 

Grazie a tutti per la collaborazione 

Marco Penazzi
",1,1,,,Pipeline delle vendite,Chiusa/conseguita
437881330882,26_Air Dolomiti_borsone new york_may,64800.0,2026-05-20,default,closedwon,,"Ciao a tutti, 
In allegato ACCORDO DI FORNITURA AIRDOLOMITI SPA_ QUID per 
1300 BORSONI NEWYORK in ecopelle con PLACCHETTA METALLICA PEROSNALIZZATA 
Accettano 3% 
Consegna: fine Maggio 2026 
Importo Totale: 75.400,00 euro + Iva 

A seguire per operatività: 
@Mara Giacomazzi sei in copia su cliente per ogni dinamica di anagrafica e portali + PO cliente + conferma ordine, CRM, MAGO + AVZ 
@Giulia Pasquali + @Vivian Okoh per sblocco taglio e acquisti 
NB ( abbiamo sufficiente ECOPELLE VULCAFLEX ? ) 
@Matteo Bonetti per acquisti 
@Alessandro Ramponi e @Angelo Veltri per programmazione e produzione 
@Silvia Avesani pack singolo in POLYBAG Pet + BARCODE + SHOPPER IN CARTA A PARTE in colli a parte. 
@Franco Maestrello spedizioni come extra con ricarico in fattura da concordarsi in base a definitive con @Mara Giacomazzi

@Martina Liviero e @Vanessa Cento va agganciato il cliente insieme ad @Anna Fiscale per definizione contenuti e grafica FLYER di collaborazione. 

Grazie a tutti per la collaborazione. 

Marco Penazzi
",1,1,true,,Pipeline delle vendite,Chiusa/conseguita
437901241534,26_KERING_portachiavi,15000.0,2026-09-01,default,1895821532,,,0.9,0.9,false,,Pipeline delle vendite,Preventivo/negoziazione
437938175198,26_LUISS Guido Carli_per shop,20000.0,2026-05-11,default,presentationscheduled,,,0.9,0.9,false,,Pipeline delle vendite,Presentazione pianificata
438072478942,25_PETTENON Cosmetic_astuccio toby_mar,24000.0,2026-03-10,default,closedwon,,"Inviato: giovedì 18 dicembre 2025 12:23
Ciao a tutti, 
In allegato ERRATA CORRIGE per quanto in oggetto che passa da 800 a 1000 pezzi. 
Quindi a 24.000 euro. 

NB : il portachiavi non è ancora definitivo ma essendo accessorio al prodotto da cucire e fatto esternamente suggerisco di sbloccare la commessa senza questo dettaglio. 

Grazie 

Marco Penazzi


Oggetto: ACCORDO FORNITURA PETTENON _ QUID ASTUCCIO PELLE TOBY, MARZO 2026
Ciao a tutti, 
In allegato ACCORDO DI FORNITURA PETTENON QUID per 
800 ASTUCCI TOBY in pelle e fodere miste con etichetta e charm 
Consegna inizio Marzo 2026, flessibile max 10-15 marzo 
Importo Totale:  19.200,00 + Iva 
Accettano 3% 

A seguire per operatività:
@Giulia Pasquali far confermare a cliente materiali 
@Mara Giacomazzi per conferma ordine , CRM; MAGO ; AVZ 
@Giulia Pasquali + @Vivian Okoh sblocco taglio e kit 
@Matteo Bonetti per acquisti 
@Alessandro Ramponi e @Angelo Veltri per programmazione e produzione 
@Silvia Avesani pack singolo con BARCODE singolo e colli a riempimento 
@Franco Maestrello spedizioni come extra e ricarico in fattura, 

Grazie a tutti per la collaborazione. 
Marco Penazzi
",1,1,true,,Pipeline delle vendite,Chiusa/conseguita
438072493285,26_VERALLIA_budget,42000.0,2026-11-02,default,1818386657,,,0.9,0.9,true,,Pipeline delle vendite,Lead/Coltivazione
438787179756,26_SORMA_Natale,35000.0,2026-10-12,default,1818386657,,,0.9,0.9,,,Pipeline delle vendite,Lead/Coltivazione
440309498071,25_OTB_shopper its,5990.4,2026-03-05,default,closedwon,,"Ciao a tutti, 
In riferimento all’ordine APPROSSIMATIVO di cui sotto di cui chiesta la relativa fatturazione, mandiamo ora l’ACCORDO di FORNITURA REALE OTB_ QUID da gestire in produzione per: 
312 SHOPPER CARMI 
Importo totale 5990,00 +Iva 
Accettano 3% 
Consegna tassativa  5 Marzo 2026 

A seguire per operatività: 
@Mara Giacomazzi capire come trasformare il precedente ordine APPROSSIMATIVO in QUESTO, + CRM MAGO AVZ 
@Giulia Pasquali + @Vivian Okoh per arrivi tessuti, sblocco taglio e kit 
@Matteo Bonetti per acquisti 
@Alessandro Ramponi e @Angelo Veltri per programmazione e produzione 
@Silvia Avesani pack a riempimento colli 
@Franco Maestrello concordare con @Mara Giacomazzi e @Giorgia Magnabosco i costi di logistica da segnalare al cliente prima di spedire. 

Grazie a tutti per la collaborazione. 

Marco Penazzi
",1,1,true,,Pipeline delle vendite,Chiusa/conseguita
442980866295,26_PETTENON Cosmetic_BEAUTY,45000.0,2026-04-15,default,closedwon,,"Buongiorno a Tutti, 
Abbiamo definito DIBA e NUOVO PRODOTTO + semplice + ACCORDO in allegato. 
NB: è il medesimo che va su ECOMMERCE se volete accorpare le produzioni. 
Operatività sbloccabile. 

Ho messo una settimana in più di buffer e vi chiederei comunque di fare il possibile.
Buon lavoro, 
Grazie 


Ciao a tutti, 
In allegato e per come concordato ACCORDO DI FORNITURA PETTENON QUID per 
3000 BEAUTY IBIS 
Delivery: 1000 pz per fine febbraio + 2000 pezzi per 15 aprile 2026 
Importo totale fornitura: 45.000 euro + Iva 
Accettano 3% 

A seguire per operatività:
@Giulia Pasquali + @Vivian Okoh mercoledi mattina alle 10.00 viene cliente per definire e chiudere il progetto, avete mail a parte per preparare l’incontro. 
@Giulia Pasquali aggiustare di conseguenza scheda prodotto e costi quindi arrivi tessuti, taglio e kit per fine gennaio tassativo. 
@Matteo Bonetti per acquisti 
@Alessandro Ramponi e @Angelo Veltri per programmazione e produzione.
@Silvia Avesani pack singolo con barcode  + hangtag collaborazione + colli a riempimento con barcode. 
@Franco Maestrello spedizioni come extra e ricarico in fattura. 

Grazie a tutti per la collaborazione. 

Marco Penazzi
",1,1,true,,Pipeline delle vendite,Chiusa/conseguita
443884635364,26_Pakelo_regali di NATALE,13700.0,2026-08-31,default,1818386657,,,0.5,0.5,false,,Pipeline delle vendite,Lead/Coltivazione
450739234037,26_ACTIONAID,5000.0,2026-12-31,default,1818386657,,,0.5,0.5,false,,Pipeline delle vendite,Lead/Coltivazione
451734461632,26_RANA_felpa parizù_apr,15900.0,2026-04-30,default,closedwon,,"Ciao a tutti, 
In allegato ACCORDO DI FORNITURA RANA_QUID  per 
300 felpe con stampa 
Importo Totale: 15.900 euro + Iva 
Accettano 3% 
Consegna Fine Aprile 2026. 
Flessibile se segnalato per tempo e/o necessario.  

A seguire per operatività: 
@Mara Giacomazzi sei in copia su cliente per Conferma Po, CRM, MAGO, + chiede taglie split 
@Alessandra Bertoldi raccordarsi con cliente, vista la mancata soddisfazione delle ultime divise, per mostrare campioni o solo prove di stampa. 
@Alessandra Bertoldi + @Isabella Delledonne sblocco taglio e kit 
@Matteo Bonetti per acquisti. 
@Alessandro Ramponi + @Angelo Veltri per programmazione e produzione 
@Silvia Avesani pack singolo suddiviso per taglia con taglia bene in vista, colli suddivisi per taglia. 
@Franco Maestrello spedizione da accordarsi con @Mara Giacomazzi, se spediamo, accreditare in fattura con ricarico 
Marco Penazzi

 
 
",1,1,true,,Pipeline delle vendite,Chiusa/conseguita
452983083249,26_AIRC_FESTA DELLA MAMMA,5000.0,2026-04-10,default,1895821532,,,0.5,0.5,false,,Pipeline delle vendite,Preventivo/negoziazione
453666814176,26_PETTENON Cosmetic_BORSA YOGA_riordino,13800.0,2026-04-15,default,closedwon,,"Ciao a tutti, 
In allegato RI ASSORTIMENTO PETTENON QUID_ BORSA YOGA per 
600 BORSE YOGA ALTEREGO
Accettano 3%
Importo totale 13.800,00 euro +Iva

Per operatività, medesima di accordo già consegnato su Dicembre: 

@Mara Giacomazzi chiedere PO, CRM MAGO; AVZ + destinazione merce logistica 
@Giulia Pasquali  + @Vivian Okoh sblocco taglio + kit
@Matteo Bonetti per acquisti
@Alessandro Ramponi e @Angelo Veltri per programmazione e produzione.
@Silvia Avesani hangtag standard singolo + polybag singola con etichetta barcode a chiusura.
@Franco Maestrello spedizioni come extra in fatturazione con ricarico.


Grazie a tutti per la collaborazione. 

Marco Penazzi
",1,1,true,,Pipeline delle vendite,Chiusa/conseguita
453707189462,26_EBARA_portachiavi,1824.0,2026-02-20,default,closedwon,,"Ciao a tutti, 
In allegato ACCORDO DI FORNITURA EBARA PUMPS QUID per 
152 portachiavi FESTA DONNA in forme miste
Consegna 20 Febbraio 2026 
Importo totale 1824,00 + Iva 

NB. Questo accordo è PARTE e da prelevarsi da ACCORDO IN ARRIVO DI CONTINUATIVI DEFINITI PER FESTA DELLA DONNA in riferimento a @Mara Giacomazzi e @Martina Cagalli

Raccordarsi con @Manuele Zanoni per definirne operatività di prelievo da ACCORDO COMPLESSIVO 
@Mara Giacomazzi per conferma ordine CRM; MAGO ;AVZ 
@Martina Cagalli per lancio produzione e kit per assemblaggio 
@Matteo Bonetti per acquisti 
@Alessandro Ramponi e @Angelo Veltri per programmazione e produzione 
@Silvia Avesani pack singolo in polybag + pacco di 150 CARD a parte. Si fanno poi loro i loro pacchettini. 
@Franco Maestrello spedizione come extra con ricarico. 

Grazie per la collaborazione. 
Marco Penazzi

 
",1,1,false,,Pipeline delle vendite,Chiusa/conseguita
453938343159,26_Vivienne Westwood _ prodotti vari,20000.0,2026-10-31,default,1896036572,,,0.5,0.5,false,,Pipeline delle vendite,Sviluppo Campione
454387898573,26_BRIONI_tende,372.0,2026-03-30,default,2036681954,,"Ciao a tutti, 
In allegato ACCORDO DI FORNITURA BRIONI QUID per
40 TENDE 
Importo totale 480euro + Iva 
Consegna Fine Febbraio-Marzo 

A seguire per operatività: 
@Mara Giacomazzi per conferma ordine CRM;MAGO, AVZ 
@Alessandra Bertoldi + @Isabella Delledonne sbloccare il tagliato già pronto e fornito da cliente per produzione in campionario. 
@Alessandro Ramponi e @Angelo Veltri per produzione e programmazione 
@Silvia Avesani pack a riempimento colli 
@Franco Maestrello spedizioni come extra da aggiungere in fattura. 
Grazie a tutti per la collaborazione. 
Marco Penazzi

 
 
",1,1,false,,Pipeline delle vendite,Consegnato
455206634702,26_Move Viaggi INTERGEA_beauty,8000.0,2026-06-08,default,appointmentscheduled,,,0.9,0.9,false,,Pipeline delle vendite,Appuntamento pianificato
455206657219,26_DOLCE&GABBANA_BABY,28678.16,2026-03-30,default,closedwon,,,1,1,false,,Pipeline delle vendite,Chiusa/conseguita
455558118598,26_Publicis Groupe ,1000.0,2026-10-05,default,1818386657,,,0.3,0.3,false,,Pipeline delle vendite,Lead/Coltivazione
455558138070,26_Christian DIOR _camicie apr_riordino,6750.0,2026-03-13,default,closedwon,,,1,1,false,,Pipeline delle vendite,Chiusa/conseguita
455558143193,25_INJOB _BORSA ABIGAIL PORTAPC,6885.0,2026-02-13,default,closedwon,,,1,1,true,,Pipeline delle vendite,Chiusa/conseguita
457807251674,26_RITTAL RCS_,65000.0,2026-07-06,default,1818386657,,,0.3,0.3,true,,Pipeline delle vendite,Lead/Coltivazione
457808227559,26_Marsilio Arte_prodotti vari,10000.0,2026-05-29,default,1896036572,,,0.8,0.8,false,,Pipeline delle vendite,Sviluppo Campione
457808695508,26_Zanardi Fonderie_BUDGETART14,27000.0,2026-12-31,default,1818386657,,,0.9,0.9,true,,Pipeline delle vendite,Lead/Coltivazione
458620349639,UP26_Marsilio Arte_upcycling shopper invendute,2000.0,2026-03-09,default,1896036572,,fare delle proposte di UPCYCLING su borse leftover cliente,0.9,0.9,false,,Pipeline delle vendite,Sviluppo Campione
459210753221,26_Marsilio Arte_upcycling borse invendute,2000.0,2026-03-09,default,1896036572,,,0.5,0.5,false,,Pipeline delle vendite,Sviluppo Campione
459211518169,UP26_Levoni_grembiuli,9000.0,2026-02-13,1811568848,2484351186,,,,0.200000000000000011102230246251565404236316680908203125,,,Ufficio Prodotto,SCHEDA COSTI
459376549051,26_Cardioline_ZAINI,12000.0,2026-04-30,default,presentationscheduled,,,0.9,0.9,false,,Pipeline delle vendite,Presentazione pianificata
459497402585,26C_DOLCE&GABBANA - T-SHIRT UOMO,60359.5,2026-03-30,default,closedwon,,,1,1,true,,Pipeline delle vendite,Chiusa/conseguita
459762731208,26_DAVINES_GREMBIULI,31250.0,2026-04-15,default,closedwon,,,1,1,false,,Pipeline delle vendite,Chiusa/conseguita
459883878606,26_PEDROLLO Spa_portachiavi festa donna,1575.0,2026-03-02,default,closedwon,,,1,1,false,,Pipeline delle vendite,Chiusa/conseguita
460656310509,26_CALZEDONIA_SCRUNCHIES integrazione_riordino,58027.55,2026-04-30,default,closedwon,,,1,1,true,,Pipeline delle vendite,Chiusa/conseguita
461107166398,25_ZUCCATO HC_coda non consegnato,11550.0,2026-02-16,default,closedwon,,,1,1,true,,Pipeline delle vendite,Chiusa/conseguita
461172857055,25_VOLKSWAGENgroup ZAINI_FEB,2500.0,2026-02-27,default,closedwon,,"Ciao a tutti, 
In allegato ACCORDO DI FORNITURA VOLKSWAGEN GROUP_ QUID per 
20-22 pz ZAINO DERECK VW con tessuti del cliente e Ricamo 
Consegna Fine FEBB 2026 
Importo Totale 2500 euro.
 
NB: il progetto è da considerarsi MARKETING e approvato da DIREZIONE e PRODUZIONE. 
Il modello è standard e accorpabile ad altri batch di produzione dello stesso articolo. 
E’ previsto un bel progetto di comunicazione a latere che confidiamo apra porte in Europa. 
 
A seguire per operatività: 
@Mara Giacomazzi sei in copia su cliente per CONFRMA ORDINE, CRM, AVZ e MAGO
NB: @Valentina Barbagallo la fattura deve essere emessa SUBITO, alla conferma ordine ed entro questo DICEMBRE, NO GENNAIO. 
@Martina Cagalli + @Isabella Delledonne sbloccare taglio e kit 
@Matteo Bonetti per eventuali acquisti ( spallacci e ganci, mi auguro ce ne siano di avanzati in casa ) 
@Alessandro Ramponi e @Angelo Veltri per programmazione e produzione 
@Silvia Avesani pack a riempimento colli + CARD DI COLLABORAZIONE fornito da @Martina Liviero + @Vanessa Cento.
@Franco Maestrello NON ADDEBITARE COSTI DI LOGISTICA, 
Se i pezzi sono di più… non possiamo fatturare + di 2500 euro. ( facciamo omaggio) 
Se i pezzi sono di meno ( alzeremo il prezzo unitario per arrivare a 2500 euro SPACCATI. 
Sentiamoci quando saranno pronti. 
 
Grazie a tutti per la collaborazione.
 
Marco Penazzi
",0.3,1,false,,Pipeline delle vendite,Chiusa/conseguita
461232339130,25_CALZEDONIA marchio TEZENIS_SCHRUNCIES26,801960.0,2026-03-31,default,closedwon,,,1,1,true,,Pipeline delle vendite,Chiusa/conseguita
461661165790,26c_ERNST&YOUNG_astuccio umberto,1700.0,2026-03-02,default,1895821532,,,1,0.200000000000000011102230246251565404236316680908203125,false,,Pipeline delle vendite,Preventivo/negoziazione
462535071991,UP26_Marsilio Arte_SHOPPER BACCA,4050.0,2026-03-09,1811568848,2490043623,,,,0.200000000000000011102230246251565404236316680908203125,,,Ufficio Prodotto,SVILUPPO CAMPIONE
462689301720,UP26_Marsilio Arte_POCHETTE MALVA- Nuovo elemento Deal,3600.0,2026-04-30,1811568848,2490043623,,,,0.200000000000000011102230246251565404236316680908203125,,,Ufficio Prodotto,SVILUPPO CAMPIONE
462742814917,UP26_BLASTNESS_SET MASCHERINA,6000.0,2026-04-30,1811568848,2490043623,,,,0.200000000000000011102230246251565404236316680908203125,,,Ufficio Prodotto,SVILUPPO CAMPIONE
462792931569,UP26_Marsilio Arte _ASTUCCIO AGENDA,2700.0,2026-04-30,1811568848,2490043623,,,,0.200000000000000011102230246251565404236316680908203125,,,Ufficio Prodotto,SVILUPPO CAMPIONE
464835817661,26_BAULI_festadonna pchiavi,4160.0,2026-03-02,default,closedwon,,"Ciao a tutti, 
In allegato ACCORDO DI FORNITURA QUID_ BAULI per 
1300 PORTACHIAVI CUORE con B laserata, 
Importo totale: 4160,00 euro +iva 
Accettano 3% 

Delivery 20-25 Febbraio 2026 

A seguire per operatività: 
@Giulia Pasquali, scusami la richiesta flash, sei in copia su cliente per mandare rendering stile PORTACHIAVI  AIRDOLOMITI, CUORE PIATTO FESTA DELLA DONNA con B Laserata + ANELLA + Proposta pellami. Non vogliono campioni si fidano. 
Quindi fare scheda costi di prodotto completamente fatto in esterna e con tempi consegna 10 gg. 
@Mara Giacomazzi per conferma ordine PO, CRM, MAGO ;AVZ 
@Giulia Pasquali + @Vivian Okoh + @Camilla Eusebio per sblocco fornitore esterno 
@Matteo Bonetti per acquisti 
@Alessandro Ramponi e @Angelo Veltri nessuna operatività su di Voi. 
@Silvia Avesani  pack a riempimento colli senza etichette, hangtag o flyer,, si fanno loro il packaging. 
@Franco Maestrello spedizioni come extra con ricarico. 

Grazie a tutti per la collaborazione. 

Marco Penazzi
",1,1,false,,Pipeline delle vendite,Chiusa/conseguita
464919648444,25_Gruppo Autoserenissima_portachiavi carpetta,31000.0,2026-03-31,default,1895821532,,"Ciao a tutti, 
In allegato ACCORDO FORNITURA AUTOSERENISSIMA QUID per 
1000 CARPETTE IN PELLE con STAMPA (Lor Lor) 
2000 PORTACHIAVI (fornitore esterno) 
Importo totale 31.000 euro + Iva 
Accettano 3% 
Delivery:
1/4 della produzione per fine Marzo 2026 
Poi consegne su Maggio, Luglio e Novembre per 1/4 del totale ogni volta. 
Ref commerciale: @Giorgia Magnabosco. 

Possiamo produrre tutto insieme, soprattutto i portachiavi, ma consegnare a scaglioni. 

A seguire per operatività:
@Alessandra Bertoldi per conferma codici e diba 
@Mara Giacomazzi sei in copia su cliente per conferma ordine, CRM, MAGO, AVZ, 
@Alessandra Bertoldi + @Vivian Okoh/ @Camilla Eusebio sblocco taglio e kit 
@Matteo Bonetti per acquisti. 
@Alessandro Ramponi e @Angelo Veltri per programmazione e produzione 
@Silvia Avesani
CARPETTE, pack singolo in polibag + colli a riempimento 
PORTACHIAVI, pack in scatolina singola + colli a riempimento.

Grazie a tutti per la collaborazione. 

Marco Penazzi
",0.9,0.9,false,,Pipeline delle vendite,Preventivo/negoziazione
464975591644,25_GOLDEN POINT_shopper,30100.0,2026-04-15,default,closedwon,,"Ciao a tutti, 
In allegato ACCORDO DI FORNITURA GOLDEN POINT QUID per 
3500 SHOPPER FOUR STAMPATE ( 2 stampe = 1750 pz vai 1, 1750 pz vai 2) 
Importo totale 30.100 euro + Iva 
Accettano 3% 

Delivery: 15 Aprile come preferenza, consegna max Fine Aprile 2026 
A seguire per operatività: 
@Giulia Pasquali in allegato vedi la scheda rivista da me. Nonostante i 2 colori di stampa, ho sentito Pietro che mi ha spiegato che i prezzi erano per quantità maggiori e che di base il rosso sopra le righe deve essere ripassato… ci accorderebbe euro 1 per singola stampa senza costi impianto. 

Sentirlo per sicurezza e modificare scheda costi a gestionale di riferimento. 

@Mara Giacomazzi sei in copia su cliente per PO, conferma, CRM, MAGO AVZ, 
NB: come al solito ci produrranno e fattureranno il labeling necessario. 
In base a fattura in arrivo con 3% al rialzo, dobbiamo modificare il prezzo alzandolo del corrispettivo unitario. 
Raccordarsi con @Manuele Zanoni + @Matteo Bonetti + @Giulia Pasquali per questa operatività.
@Giulia Pasquali + @Vivian Okoh + @Camilla Eusebio per sblocco taglio e kit 
@Matteo Bonetti per acquisti 
@Alessandro Ramponi e @Angelo Veltri per produzione e programmazione. 
@Silvia Avesani pack con hantag e barcode forniti da clienti, colli a riempimento suddivisi per variante. 
@Franco Maestrello spedizione come extra e ricarico in fattura. 
 
Grazie a tutti per la collaborazione. 

Marco Penazzi
",1,1,true,,Pipeline delle vendite,Chiusa/conseguita
465371827408,26_BIOLINE JATO'_varie,5000.0,2026-07-31,default,1818386657,,,0.6,0.6,false,,Pipeline delle vendite,Lead/Coltivazione
465373971679,26_Comac_varie,5000.0,2026-07-31,default,1818386657,,,0.6,0.6,false,,Pipeline delle vendite,Lead/Coltivazione
465493629130,26_miamo_gift,10000.0,2026-09-30,default,1818386657,,,0.6,0.6,false,,Pipeline delle vendite,Lead/Coltivazione
465495761116,25_TESYA Group,8000.0,2026-04-06,default,presentationscheduled,,"Ciao a tutti, 
In allegato BOZZA DI ACCORDO DI FORNITURA TESYA QUID per 
600 POUCH ESSE con personalizzazione 
Accettano 3% 
Importo TOTALE: 12.000 euro + Iva 
Delivery: primo acconto, se possibile, non tassativo per fine Febbraio 2026, 
Saldo su Marzo anche Aprile, 
Sono welcome Kit per dipendenti che distribuiscono durante l’anno e non su base evento. 

In riferimento a @Martina Cagalli
Entro inizio settimana prossima definiranno ogni dettaglio: MATERIALE, ZIP e PERSONALIZZAZIONE 

A seguire per operatività dopo approvazione di cui sopra a @Martina Cagalli: 
@Mara Giacomazzi sei in copia per ANAGRAFICA NUOVO CLIENTE, PO, conferma ordine, MAGO, AVZ CRM, eventuali portali. 
@Martina Cagalli + @Isabella Delledonne per sblocco taglio e kit 
@Matteo Bonetti per acquisti 
@Angelo Veltri e @Alessandro Ramponi per pianificazione e produzione 
@Martina Liviero + @Vanessa Cento siete in copia per definire contenuti e grafica quindi stampa CARD COLLABO + ogni eventuale che potete spingere come EXTRA. 
@Silvia Avesani polybag singola con CARD DI COLLABO 
@Franco Maestrello spedizione come extra in fattura e ricarico. 

Grazie a tutti per la collaborazione. 

Marco Penazzi
",0.9,0.59999999999999997779553950749686919152736663818359375,false,,Pipeline delle vendite,Presentazione pianificata
465497908457,26_L’ERBOLARIO_ varie,5000.0,2026-07-31,default,1818386657,,,0.6,0.6,false,,Pipeline delle vendite,Lead/Coltivazione
